Country Code,IMF Country Code,Country,Indicator Type,Series Name,1970,1971,1972,1973,1974,1975,1976,1977,1978,1979,1980,1981,1982,1983,1984,1985,1986,1987,1988,1989,1990,1991,1992,1993,1994,1995,1996,1997,1998,1999,2000,2001,2002,2003,2004,2005,2006,2007,2008,2009,2010,2011,2012,2013,2014,2015,2016,2017,2018,2019,2020,2021,2022
ABW,314,Aruba,Inflation,Food Consumer Price Inflation,,,,,,,,,,,,,,,,,,,,,,,,,,,,,,,,,3.4,2.63,3.33,3.75,5.18,13.67,11.16,4.62,-2.29,4.29,2.66,0.18,2.15,2.17,-0.17,0.66,7.45,12.82,10.99,,
AFG,512,Afghanistan,Inflation,Food Consumer Price Inflation,,,,,,,,,,,,25.4,23.6,16.9,18.3,10.7,-1.8,24.2,22.4,68.4,78.3,,,,,,,,,,,,,,,,6.26,12.34,41.07,-13.35,-0.28,10.67,4.73,7.57,7.74,-0.84,5.67,6.94,-1.05,3.79,5.83,,
AGO,614,Angola,Inflation,Food Consumer Price Inflation,,,,,,,,,,,,,,,,,,,,,,,,,,,,,,,,,,,,21.36,17.25,14.11,18.5,18.14,17.42,14.95,12.77,10.35,7.03,9.3,21.24,40.99,22.35,17.71,25.24,23.9,24.7
ALB,914,Albania,Inflation,Food Consumer Price Inflation,,,,,,,,,,,,,,,,,,,,,3.5,111.2,121.1,86.9,14.6,6.9,15.8,36.2,21.3,-0.1,-2.1,3.7,6.3,4.3,-0.1,-0.5,1,2.99,5.23,4.91,4.81,4.75,2.34,4.24,2.2,4.32,3.25,3.91,2.67,2.91,3.61,3.9,11.42
ARE,466,United Arab Emirates,Inflation,Food Consumer Price Inflation,,,,,,,,,,,,,,,,,,,,,,,,,,,,,,,,,,,,,,,9.5,0.79,4.45,5.86,5.24,2.69,2.17,1.24,1.01,1.2,3.54,-1.39,3.7,0,
ARG,213,Argentina,Inflation,Food Consumer Price Inflation,16.5,16.5,41.7,63.1,55.2,15.1,187.7,458.6,163.2,163.2,168.7,95.1,99.2,178.4,339,638.9,624.1,98.1,132.8,332.9,3086.5,2129.2,161.1,30.2,10.3,1.4,2.8,-0.5,-0.7,1.7,-3.7,-2.6,-1.9,34.6,19.2,5,11,12.1,11.2,6.8,2.8,14.4,8.7,,,,49.43,20.36,32.74,58.34,46.97,49.85,71.06
ARM,911,Armenia,Inflation,Food Consumer Price Inflation,,,,,,,,,,,,,,,,,,,,,,,,,4247.8,190.5,14.9,8.4,6.2,-5.6,-5.9,4.7,2.2,6.9,10,0.8,4.1,6.7,11.1,-0.9,9.4,12.3,1.99,5.81,0.51,27.85,-22.03,3.99,2.34,1.87,0.27,11.21,13.31
ATG,311,Antigua and Barbuda,Inflation,Food Consumer Price Inflation,8,10.1,10.1,20.6,31.3,16.5,10.1,12.8,6.2,14.4,,,3.6,2,5.7,2.2,-1.8,6.5,5.8,7.7,6.2,6.3,,,12.3,2.2,3.7,-1.1,1.4,3.1,1.8,3.6,1.4,-2.7,4.4,2.5,1.1,4.9,5.2,7.4,,,,,,,,,,1.51,2.73,1.19,7.65
AUS,193,Australia,Inflation,Food Consumer Price Inflation,3.62,3.9,3.91,15.36,14.75,7.94,12.08,11.41,9.82,13.79,12.57,9.47,7.56,10.16,5.46,6.2,8.92,5.42,7.89,8.81,4.43,3.36,1.37,2.37,1.18,4,2.76,2.61,2.66,3.35,2.43,6.63,3.57,3.65,2.34,2.38,7.79,2.33,4.67,3.73,1.55,4.83,-1.63,0.8,2.54,0.92,0.82,0.71,0.97,4.48,9.28,7.91,7.03
AUT,122,Austria,Inflation,Food Consumer Price Inflation,4.42,3.21,5.32,7.19,8.14,6.05,5.31,5.59,2.93,2.48,4.5,5.89,4.23,2.13,5.44,2,1.99,0.24,0.12,0.78,2.82,4.08,3.71,2.27,1.38,-1.72,0.13,1.53,1.93,-0.63,0.65,3.64,1.34,1.79,1.92,1.24,1.88,4.21,6.29,0.2,0.48,4.24,3.19,3.47,1.94,0.83,0.73,2.37,1.52,1.02,2.33,0.78,10.23
AZE,912,Azerbaijan,Inflation,Food Consumer Price Inflation,,,,,,,,,,,,,,,,,,,,,,98.3,931,1285.6,1693.3,422.4,17.6,-0.5,-1.3,-11,2.3,2.7,3.7,3.3,10,10.9,12,16.3,28.5,-1.5,7.24,10.44,0.84,2.32,0.9,6.07,14.75,16.52,1.78,3.69,4.81,8.16,20.07
BDI,618,Burundi,Inflation,Food Consumer Price Inflation,-2.8,4.9,1.9,5.9,19.7,18.9,6.3,7.5,22.5,31.8,7.9,10.3,7.1,8.1,13.6,7.9,-7.2,-0.8,7.5,18.6,7.4,6.8,-2.1,15.9,17.7,20.1,24,35,12.5,1,26.82,0.82,-5.72,13.83,10.87,17.82,0.53,8.9,34.22,11.07,6.2,9.15,13.69,9.5,2.3,5.79,7.18,23.96,-10.99,-2.83,8.57,10.39,21.09
BEL,124,Belgium,Inflation,Food Consumer Price Inflation,3.5,1.9,6.6,8,9.4,11.2,6.1,6.1,1.5,0.5,3.6,6,9.6,8.4,7.9,3.4,1.9,-0.4,0,3.1,3.7,3.7,-0.15,-0.62,2.02,1.28,1.36,2.26,1.94,0,0.86,4.63,2.36,2.05,1.26,1.77,2.56,3.91,6.08,0.85,1.66,2.72,3.1,3.42,-0.38,1.2,2.24,1.26,2.16,4.46,2.88,-0.39,8.21
BEN,638,Benin,Inflation,Food Consumer Price Inflation,,,,,,,,,,,,,,8.7,-5.8,-10,-6.5,-0.8,-1.1,-2.8,-0.7,-0.5,-0.3,-0.3,35.2,19.1,3.2,3.2,7.3,-0.3,1.2,2.3,5.5,-2.3,-0.7,9.2,-0.5,-1.1,18,5.6,5.6,5.66,4.69,2.56,-0.77,0.41,-0.46,-0.05,2.05,-2.79,0.49,5.92,-0.7
BFA,748,Burkina Faso,Inflation,Food Consumer Price Inflation,5.4,4.9,-0.1,21.5,15.2,38.4,-4.5,28.3,3.9,16.8,5.6,15.9,,4.4,9.7,3.2,-7.7,-11.3,11.5,-4.2,-1.4,9.6,-7.5,-5.6,17.7,11.8,15.4,2.5,9.3,-6.1,-5.8,8.8,3.1,-1.7,-4.8,14.6,-0.2,-1.7,23.3,2.6,1.46,6.14,5.37,-0.35,-3.18,2.41,0.96,0.43,3.37,-6.43,3.76,6.82,24.97
BGD,513,Bangladesh,Inflation,Food Consumer Price Inflation,2.3,10.1,34,47.4,68.6,20.8,-10.9,9.3,11.5,14.7,15.7,11.5,13.1,9.3,12.8,9.7,13.5,10.4,6.5,8.8,5.9,6.1,3.6,-2.2,3.8,9,3.4,6.6,10.5,8.1,2,1.2,2,5.8,7.5,8,7.6,10.5,11,5.5,10.1,12.38,3.38,7.93,7.91,6.05,4.51,7.17,6.21,5.56,5.77,5.3,7.66
BGR,918,Bulgaria,Inflation,Food Consumer Price Inflation,-0.3,0.2,0,0.9,1.1,0.6,0.5,0.2,1.2,6.2,24.7,0.2,0.7,3,1.5,2.2,4.3,0,1.4,1.9,1.9,374.6,74.8,56.2,91.6,59.8,122.69,1097.01,11.14,-8.04,10.25,6.51,-0.03,-0.97,6.7,4.03,5.43,13.45,16.71,-0.63,-0.38,6.93,3,2.79,-0.98,0.33,-0.23,3.99,2.2,5.19,5.37,2.77,21.28
BHR,419,Bahrain,Inflation,Food Consumer Price Inflation,,,,,,,13.1,13.6,10.5,2.2,5.9,4.1,-1.7,-2.8,4.1,,-0.4,-4.3,-1,0.8,0.1,2.1,0.1,-0.3,-1,6.2,0.5,,1.1,-1,-1.3,-1.4,-1,-1.5,2.2,3,2,4.5,10.9,9,4.86,2,3.98,2.41,2.87,2.42,1.29,1.01,2.12,2.38,3.55,-0.08,10.04
BHS,313,"Bahamas, The",Inflation,Food Consumer Price Inflation,4.7,4.8,5.4,5.4,18.7,11.6,2.9,2,8.1,10.9,15.2,14.9,6.7,1.3,1.6,5.5,12.8,4.8,6.4,5.4,7.7,8.6,2.1,0.8,-0.6,2.1,2.6,1.6,2.2,0.2,1.7,2.1,2,0.5,2,3.3,4.6,3.9,7.1,5,-1.2,1.9,,1.11,2.31,5.75,-0.93,-0.12,2.42,0.17,1.03,2.08,12.52
BIH,963,Bosnia and Herzegovina,Inflation,Food Consumer Price Inflation,,,,,,,,,,,,,,,,,,,,,,,,,,,,,,,,,,,,2.81,8.26,2.88,11.63,0.02,-0.06,5.99,1.77,0.04,-2.7,-0.9,-1.05,0.98,0.42,1.09,1.02,3.54,20.78
BLR,913,Belarus,Inflation,Food Consumer Price Inflation,0.2,0,0.1,0.1,0.3,0.1,0.2,-0.1,1.3,0.5,0.5,1.4,4,1.6,0,1.8,6.2,4.5,0,0.4,2.9,88.5,1053.4,1415.1,2373.5,661.8,49.6,69.9,75.8,312.7,164.9,56.8,38.9,22.8,19.6,11.9,6.1,9.8,17.7,14,9.06,62.22,67.97,18.8,18.66,12.21,10.59,7.02,4.06,6.36,4.27,9.62,17.22
BLZ,339,Belize,Inflation,Food Consumer Price Inflation,,,,,,,,,,,,8,5.5,4.4,2.9,0.5,0.3,1.7,3.3,4.2,2.2,6.1,3,1.6,1.1,2.7,6.4,1.8,-1,-1.7,0.6,-1.07,0.52,3.15,1.66,3.52,3.37,5.75,13.91,1.18,-4.03,0.42,2.38,1.47,0.79,-0.38,0.07,-1.12,-0.53,0.64,1.12,4.8,6.2
BOL,218,Bolivia,Inflation,Food Consumer Price Inflation,4.5,4,6.4,35,81.7,5.3,2.4,8.2,10,18.6,47.6,35.2,123.9,303.7,1315.6,11275.6,276.7,10.3,11.4,14.4,18.7,21.7,13.4,6.7,9,12,14.3,3.4,5.4,-1.6,2.1,0.6,-0.9,3.5,6,5.8,5.85,14.58,25.61,1.28,2.95,13.94,3.92,8.85,8.12,4.61,5.51,3.35,2.54,3.36,-0.65,0.61,1.64
BRA,223,Brazil,Inflation,Food Consumer Price Inflation,26,24.9,21.5,18.2,30.5,30.8,39.6,40.5,,,100.2,49.82,90.9,158.58,204.17,221.06,131.65,196.78,653.06,1345.14,2618.24,450.01,1090.56,1949.8,2280.13,58.49,5.92,0.72,2.81,3.42,5.14,6.7,9.66,20.36,4.01,3.08,0.02,6.78,13.05,5.8,6.1,8.85,8.13,11.16,7.52,9.8,12.49,0.89,0.87,4.86,9.07,12.72,11.79
BRB,316,Barbados,Inflation,Food Consumer Price Inflation,6.5,8.2,16.7,17.8,44.3,22.4,4.2,8.5,10.1,11.1,,14.9,7.3,2.7,4,5.2,2.4,4.6,6.5,9.1,4,4.8,0.3,-0.1,0.3,3.9,3.9,13.5,-4.3,2.5,2.5,5.2,1.8,2.8,4.5,7,7.9,7.1,13.5,6.7,3.7,,,,0.46,2.81,8.23,6.21,3.66,5.97,11.76,,
BRN,516,Brunei Darussalam,Inflation,Food Consumer Price Inflation,1,0,-1.7,12.4,20,3.5,7.5,13.6,5.8,4.9,8.3,12.3,9.1,0.9,3.1,1,0.6,1,1.7,0.6,0.2,2.5,0.8,2.6,1.3,2.5,3,3.7,0.3,-0.2,0,0.5,0.3,-0.8,1.6,0.5,0.3,2.2,5,1,1,0.01,0.01,0.09,-0.23,0.82,-0.94,0.48,1.69,-0.03,2.06,2.38,4.97
BTN,514,Bhutan,Inflation,Food Consumer Price Inflation,,,,,,,,,,,,,,,,,5.6,6.4,10.7,8.4,8.2,13.3,18,8.8,2.8,10.1,9.3,3.7,11.4,5.8,1,1.5,2,0.9,,5.7,5,8.1,11.9,9,8.8,,,6.88,10.08,3.27,14.11,-2.04,4.96,3.64,11.35,8.86,4.75
BWA,616,Botswana,Inflation,Food Consumer Price Inflation,4.9,-0.6,6.1,15.4,17.3,10.4,5.4,14.6,11.4,10.9,18.2,22.3,13.2,12.9,8.6,9.6,10.15,10.7,8.5,9.2,11.8,11.8,18.8,13.6,9.4,10.8,13.3,10.3,6.2,6.8,4.7,2.6,9.3,11.4,4.6,5.4,12.49,11.39,20.19,14.28,3.68,6.88,7.92,5.4,3.01,1.34,2.66,3.43,-0.5,1.39,3.73,7.14,9.04
CAF,626,Central African Republic,Inflation,Food Consumer Price Inflation,1.5,8.1,9.6,5.8,11,15.5,7.1,15,8.2,9.3,16.4,9,7.5,23.5,0.1,10.6,0,-9.9,-4.1,1,0.7,-4.1,-1.1,-4.2,24.5,23,5.8,0.6,-2.7,-3.1,3.9,4.7,2,5.2,-4.6,3.5,7.2,1.9,11.4,3.63,1.4,1.07,7.11,9,14.77,4.67,4.42,,,,,5.36,
CAN,156,Canada,Inflation,Food Consumer Price Inflation,1.61,0.51,7.7,15.01,15.8,12.54,1.58,8.82,17.43,13.48,11.14,11.94,6.38,2.92,6.07,2.45,5.04,4.54,1.99,3.12,3.9,2.3,-1.43,1.82,0.1,2.67,1.15,1.54,1.57,1.05,1.07,4.85,2.53,1.44,1.77,2.29,2.27,2.63,3.93,5.48,0.95,4.24,2.35,1.09,2.51,4.1,1.02,-1.01,0.81,3.68,2.4,2.2,9.63
CHE,146,Switzerland,Inflation,Food Consumer Price Inflation,2.5,6.52,6.41,6.11,10.78,6.17,-1.5,1.38,3.97,3.7,6.9,10.47,6.81,2.15,3.79,2.55,0.8,0.77,2.18,1.13,5.52,4.38,0.06,-0.18,0.43,0.67,-0.49,0.67,0.82,-0.14,1.63,2.08,2.31,1.27,0.51,-0.71,-0.04,0.52,3.1,-0.19,-1.11,-3.25,-0.98,1.22,0.92,-0.8,0.39,0.42,1.26,0.11,0.09,-1.59,1.45
CHL,228,Chile,Inflation,Food Consumer Price Inflation,35.4,23.8,115.2,376.5,513.7,359.6,212.8,86.2,34.6,31.1,36.1,14.2,3.6,25.8,21.1,28.3,23.9,24.1,13.3,20.8,26,25.8,18,10.9,9.8,8.3,6.1,7.2,3.7,0.3,1.19,0.63,1.86,3.2,-1.92,2.9,2.69,9.62,17.08,4.71,2.2,6.69,7.63,4.43,6.98,7.12,3.82,2.01,3.06,2.38,6.74,5.41,16.99
CHN,924,China,Inflation,Food Consumer Price Inflation,,,,,,0.3,0,0.1,0.1,2.8,10.6,-1.1,3.1,1.2,8.3,13,7.4,8.9,20.7,17.1,1.1,2.5,10.7,16.5,31.99,22.43,7.59,-0.11,-3.19,-4.21,-2.57,0.01,-0.7,3.44,9.79,2.82,2.48,12.36,14.42,0.71,7.34,11.89,4.93,4.7,3.07,2.45,4.48,-1.35,1.84,9.35,10.68,-1.7,2.61
CIV,662,C?te d'Ivoire,Inflation,Food Consumer Price Inflation,12.7,-1.8,-1.1,17.7,18.1,10.4,7.3,40,11.3,21.8,18.9,5.2,4.2,4.3,5,1.6,10,12,12.1,1,-1.3,2.5,3.3,3.4,22.5,22.5,9.21,9.21,9.21,-4.5,0,5.7,5.6,4,-3.8,2.45,3,5.4,11.6,3.38,5.79,10.44,-0.3,1.95,-2.11,2.05,3.04,0.34,-0.49,1.04,4.2,7.68,9.08
CMR,622,Cameroon,Inflation,Food Consumer Price Inflation,9.3,6.3,12,9.1,14.1,16.2,11.2,23.5,11.5,4.8,9,13,19,14.8,4.6,-0.7,1.3,5.7,0.5,-7,-10.2,-0.8,-1.8,-1.8,8.4,8.4,3.1,7,3.3,1,2.3,7,4.8,-0.7,-2,1.1,6.9,1,9.2,5.98,1.23,4.81,3.43,3.23,0.77,2.02,1.08,0.04,1.22,2.88,3.5,4.25,11.88
COD,636,"Congo, Dem. Rep.",Inflation,Food Consumer Price Inflation,10.2,10.3,20.2,16.5,29.5,30.2,98.1,76.9,57,96.8,21.3,39.2,,,,,,,,,,,,,,,,,,,,,,,,7.37,9.79,26.41,38.72,51.17,12.73,14.8,7.38,0.72,1.38,0.84,3.03,,,,,,
COG,634,"Congo, Rep.",Inflation,Food Consumer Price Inflation,0.7,4.9,10.2,5,5.7,16,6.1,6.1,15.2,15.2,4.8,13.9,16.8,9.7,12.5,5.3,-2.2,0.6,-5.8,-0.5,1.5,-3.8,-8.1,6.8,47.6,6.8,7.2,24.7,-0.4,4.8,-5.2,-1.7,4.7,-5.8,-6.3,5.4,10.1,7.3,8.1,7.5,-0.69,1.57,10.94,7.78,-4.06,4.15,3.03,,,,,2.95,6.34
COL,233,Colombia,Inflation,Food Consumer Price Inflation,5.9,12.8,15.3,29.5,29,27.1,20.1,43.2,12.5,22.7,28.9,28.6,25.4,20.6,15.6,31.5,19.3,26.8,32.6,24.67,26.82,30.32,30.22,15.92,20.87,19.22,15.91,15.76,22.54,6.24,9.55,9.85,9.77,8.06,6.36,6.37,5.58,8.42,12.4,3.58,0.21,4.57,3.42,0.41,2.97,8.63,13.11,0.69,0.83,4.89,5.55,9.73,24.63
COM,632,Comoros,Inflation,Food Consumer Price Inflation,,,,,,,,,,,,,,,,,,,,,,,,,,,,,,,-2.01,4.58,5.9,2.42,4.11,1.62,1.04,9.48,4.67,-7.04,2.81,2.04,7.89,2.04,2.25,-0.28,,,3.24,,,,
CPV,624,Cabo Verde,Inflation,Food Consumer Price Inflation,9.5,21,12.2,14.1,52.6,27.2,1.2,12.4,27.4,,,,,,12,-1.1,13,4.3,3.1,9.1,12,9.4,8.7,3.7,1.9,11.4,5.5,10.1,4.6,3.5,-1.7,5.3,0.62,-0.15,-3.27,-0.08,6.47,5.03,9.08,2.08,2.2,5.21,2.64,0.73,-1.17,1.45,0.14,-0.18,0.45,1.39,3.67,0.56,12.7
CRI,238,Costa Rica,Inflation,Food Consumer Price Inflation,7.6,3.7,1.2,21.7,29.3,16.3,4.9,4.9,10.3,12.7,21.7,36.7,113.6,32.2,8.8,12.3,11.8,14.7,20.2,17.9,18.2,26,23.9,11.1,13.4,18.8,18.57,14.42,14.47,8.91,8.58,10.61,10.16,8.76,14.89,17.8,11.6,15.1,23.89,8.17,4.64,5.6,3.53,3.83,4.27,3.19,-0.81,1.68,1.63,0.8,0.48,2.24,3.2
CUW,354,Curacao,Inflation,Food Consumer Price Inflation,,,,,,,,,,,,,,,,,,,,,,,,,,,,,,,,,4.09,1.04,1.71,7.08,3.88,2.73,13.67,9.26,3.09,9.06,11.41,6.26,6.31,6.99,4.03,,,,,,
CYP,423,Cyprus,Inflation,Food Consumer Price Inflation,1.3,4.9,6.7,8.5,20.1,9.2,2.6,,5.7,6.7,14.6,11.5,8.1,4.3,8.4,4.7,2.9,2.9,4.1,4.6,4.7,6.8,7.8,2,1.3,1.3,3.1,5.2,4.1,2.1,5.5,4.1,4.6,5.1,4,1.6,4.8,5.56,7.59,3.69,0.24,4.08,0.82,0.21,-1.46,-0.31,-0.26,-0.29,0.73,0.45,1.22,-0.38,7.77
CZE,935,Czech Republic,Inflation,Food Consumer Price Inflation,0.2,-0.4,-0.2,0.1,0.2,-0.1,1.2,1.4,1.9,1.4,1.4,1.4,9.4,0.6,0.6,2.6,0.4,0.2,-0.3,0.1,11.1,45.2,9.56,16.12,10.1,11.13,7.97,4.39,4.42,-5.53,0.99,5.07,-1.94,-2.18,3.41,-0.25,0.86,4.74,8.11,-3.97,1.47,4.63,6.91,4.91,2.02,-1.1,-0.93,5.18,1.31,2.82,4.54,0.8,15.89
DEU,134,Germany,Inflation,Food Consumer Price Inflation,2.4,3.84,5.71,7.52,4.76,5.26,4.59,4.92,1.42,1.71,4.03,4.81,6.18,2.68,1.45,0.86,0.62,-0.53,0.17,2.27,3,2.72,2.08,0.5,1.63,1,0.6,1.38,1.06,-1.27,-0.71,4.48,0.83,-0.16,-0.31,0.03,2.03,3.81,6.07,-1.3,1.25,2.77,3.38,3.89,1.01,0.6,0.81,2.76,2.28,1.2,2.26,3.16,12.09
DJI,611,Djibouti,Inflation,Food Consumer Price Inflation,2.8,2.8,10.4,6.4,14.7,12.6,14,34.2,26,12.3,6.1,4.9,-6.4,-0.9,,,,,,,,,,,,,,,,,,,,,,,,,,,,,,2.36,0.26,3.12,6.03,1.86,1.73,5.69,6.39,,
DMA,321,Dominica,Inflation,Food Consumer Price Inflation,14.8,2,2.5,13.4,37.7,18,10.7,7.1,5,20.9,37.8,15.7,1.9,-0.5,1.7,0.3,2.2,8.4,3.1,8,-1.8,5.1,8.5,2.1,-1.2,1.7,1.9,3.6,0,0.3,-0.3,1.5,1.5,0.4,2.8,2.5,4.1,5.3,11.7,5.5,5.5,3.74,3.74,1.59,1.09,0.72,0.01,-0.22,2.16,1.88,0.58,,
DNK,128,Denmark,Inflation,Food Consumer Price Inflation,8.5,6.44,9.13,13.4,11.77,11.16,10.81,13.35,8.94,5.41,10.04,11.86,10.16,5.32,8.82,4.17,2.03,0.88,3.62,4.18,0.25,0.66,1.73,-0.3,2.93,3.06,1.66,3.49,2.07,0.67,2.54,3.86,2.18,1.42,-1.02,0.65,2.72,4.46,7.57,-0.09,0.37,3.96,4.29,0.43,-0.87,1.04,0.1,2.81,0.04,1.39,0.64,0.58,11.16
DOM,243,Dominican Republic,Inflation,Food Consumer Price Inflation,5.5,5.1,6,18.4,17.7,17.7,-2.8,9.3,-3,10.9,15.3,0.4,7.9,6.5,21.9,43.5,11.9,20.5,56.7,47.6,49.6,48.8,0.3,3,6.8,14.5,4.5,7.6,6.5,5.4,-0.1,4.39,4.6,27.8,71.18,-2.8,3.27,4.2,15.8,3.26,4.17,9.14,5,4.65,3.91,6.74,2.15,2.31,3.61,3.75,6.35,9.87,11.18
DZA,612,Algeria,Inflation,Food Consumer Price Inflation,5.6,2.7,4,11.2,7.1,11.5,14.4,15.9,19.1,13.5,10.9,18.3,7.4,5.4,7.6,12.4,17,7.6,3.8,9.1,23.8,21.1,25.9,23.7,41.1,28.8,21.7,4.8,6.9,0.9,-2.1,4.4,1.8,4.5,4.9,0.2,4.22,6.36,7.5,8.23,4.24,5.9,12.96,2.98,4.54,3.6,2.62,5.61,1.74,0.64,0.22,10.13,13.72
ECU,248,Ecuador,Inflation,Food Consumer Price Inflation,3.3,6.5,11.1,20.3,32.4,18.6,9.5,15.6,10.3,10,11,11.1,17.1,77.9,37,30.7,23.2,28.7,64.3,88,47.4,48.2,54.2,41.8,24.8,21,22.2,36.1,39.64,39.05,120.82,31.71,8.2,2.42,1.38,2.7,5.68,3.25,16.84,5.89,4.83,6.73,5.81,1.78,4.52,4.21,2.54,0.5,-1.63,0.04,0.76,-0.85,4.93
EGY,469,"Egypt, Arab Rep.",Inflation,Food Consumer Price Inflation,6.8,5.4,2.8,6.8,16.9,12.2,14.8,14.3,9.6,7.5,26.7,14.2,14.5,18.5,16.6,18.4,24.5,22.6,20.6,25.4,15.9,16.6,8.6,7.4,9.3,10.3,7.6,4.1,3.9,3.8,2.5,1.1,4.2,6.7,5.87,5.05,10.15,12.96,23.97,16.03,19.87,15.49,9.21,12.42,12.29,10.67,16.66,38.66,13.3,7.08,-0.2,4.6,22.19
ESP,184,Spain,Inflation,Food Consumer Price Inflation,3.7,7.75,9.23,12.75,14.26,17.03,18.54,23.63,19.15,10.15,9.09,13.61,15.01,10.69,12.57,9.53,10.62,5.04,3.7,7.67,6.5,3.5,3.68,4.14,5.41,4.85,3.41,-0.7,1.14,1.29,2.04,5.88,4.7,4.1,3.87,3.16,4.11,3.69,5.88,-1.05,-0.84,2.05,2.33,2.79,-0.35,1.17,1.4,1.23,1.65,1.03,2.36,1.85,11.24
EST,939,Estonia,Inflation,Food Consumer Price Inflation,,,,,,,,,,,,,,,,,,,,,,233,937.2,73.9,33.3,15.9,18.2,5.5,4.9,-3.79,2.4,8.27,3.04,-1.73,4.19,3.53,5.06,9.33,14.18,-4.01,3.03,9.66,3.85,4.14,0.02,-0.54,0.04,5.71,3.06,2.99,2.14,1.84,18.92
ETH,644,Ethiopia,Inflation,Food Consumer Price Inflation,15.3,-0.1,-12,12.8,8.6,4.5,41.9,16.7,17.1,18,5.2,4.6,6,0.7,11,25.3,-15.2,-6.1,7.9,6.5,5.2,41.3,11.9,1.4,10.2,12.3,-4.9,1.8,1.8,9.3,-1.1,-15.2,2.6,25.07,3.36,12.84,13.61,21.96,60.01,3.3,1.51,39.17,28.1,5.79,5.39,12.14,6.52,11.36,12.52,18.94,23.08,31.78,38.23
FIN,172,Finland,Inflation,Food Consumer Price Inflation,1.5,4.3,9.43,11.93,15.95,20.67,16.32,17.51,4.46,4.19,12.86,12.86,12.34,6.79,7.66,7.17,3.88,2.34,1.72,3.6,3.68,2.86,-0.08,-0.64,0.19,-7.91,-1.79,1.39,1.73,-0.39,1.06,4.42,2.88,0.64,0.74,0.31,1.39,2.08,8.57,2,-3.58,6.28,5.16,5.36,0.14,-1.87,-1.14,-0.91,1.91,1.21,1.15,0.57,9.99
FJI,819,Fiji,Inflation,Food Consumer Price Inflation,4.2,9.1,11.6,20.2,15.6,12.4,3.2,7.5,5.2,6,15.3,12.8,9.3,5.9,4.6,8.3,-1.8,6.1,18.4,10,8.2,1.6,-0.4,6.8,0.5,0.7,2.3,4.7,7.7,1.8,-3.2,4.1,0.5,6.2,3.8,1.7,1.8,9.7,11.5,6.7,4.1,10.58,4.32,3.53,1.92,4.77,5.99,-2.15,1.08,4.88,-2.38,6.5,5.35
FRA,132,France,Inflation,Food Consumer Price Inflation,6.3,6.03,7.71,9.85,12.51,11.48,11.1,12.76,9.05,9.22,10.41,14.08,13.25,9.48,8.31,5.39,3.38,3.15,2.36,4.3,3.14,2.79,0.37,-0.15,0.8,1.21,1.12,1.79,1.7,0.43,2.2,5.52,2.73,2.28,0.49,0.16,1.67,1.45,5.06,0.08,0.78,1.99,2.89,1.15,-0.84,0.4,0.55,1.09,1.97,2.45,2.03,0.62,6.76
GAB,646,Gabon,Inflation,Food Consumer Price Inflation,2.4,6.4,6.1,6.8,7.5,,,,,,,,,,,,5.4,-0.2,-13.3,9.1,11.6,0.4,-16.5,1.7,31,7.9,1,6.3,3,-0.6,0.5,5,0.2,1.9,-1.9,0.2,0.9,2.3,7.8,3.7,4.4,4.03,5.68,-0.42,3,2.83,-0.09,-0.72,1.85,3.1,1.67,1.35,5.25
GBR,112,United Kingdom,Inflation,Food Consumer Price Inflation,6.9,11.47,8.92,15.37,18.02,24.97,19.85,18.79,7.81,12.62,13.56,8.69,7.76,3.67,5.88,4.02,3.33,3.13,3.37,5.62,8.06,5.28,2.14,1.66,0.86,3.65,3.16,-0.17,1.03,0.25,-0.48,3.76,0.82,1.29,0.79,1.52,2.4,4.51,9.16,5.47,3.42,5.5,3.25,3.73,-0.19,-2.58,-2.38,2.25,2.08,10.93,0.72,0.3,10.35
GEO,915,Georgia,Inflation,Food Consumer Price Inflation,,,,,,,,,,,,,,,,,,,,,,,,,,139.9,33,4.7,3.9,18.5,1.3,6.6,7.5,7.1,7.7,13.1,11.7,9.8,12.92,4.22,1.75,16.04,-4.49,-0.71,5.13,4.16,1.65,6.77,2.32,8.16,10.59,10.81,18.17
GHA,652,Ghana,Inflation,Food Consumer Price Inflation,5,12.4,10.2,20.8,15.9,30.8,67.6,150.6,59.4,61.7,52.3,111.1,36,144.5,11,-11.1,20.3,38.5,34.1,25.1,40.1,9,10.4,25,25.9,62.2,35.8,20.9,14.8,8.7,11.8,23.2,18.2,24.7,16.6,15.6,9.2,12.2,15.2,15.7,6.1,6.7,6.75,7.28,6.8,7.48,8.66,7.27,7.82,7.86,11.84,10.31,29
GIN,656,Guinea,Inflation,Food Consumer Price Inflation,,,,,,,,,,,,,,,,,,,32.5,27.3,17.7,16.4,12.8,9.3,4.7,7.9,1.5,-0.5,10.1,5.4,4,4.48,6.15,21.4,21.2,37,42.5,28.5,20.6,7.1,20.4,27.36,15.63,12.65,10.56,11.52,11.49,13.59,13.36,11.36,12.7,15.78,13.24
GMB,648,"Gambia, The",Inflation,Food Consumer Price Inflation,8.7,3.1,9.7,6,13.3,34.4,19.3,12.5,6.3,5.8,5.2,5.3,8.9,13.7,21.3,17.3,60.1,23.4,12.7,6.9,14.1,8.3,8.5,8.7,-1.2,8.7,1.1,1.4,3.6,4,0.2,-0.7,18.1,20.4,16.1,3.1,1.85,7.9,6.03,5.38,6.61,6.42,5.04,6.71,6.78,8.27,8.24,8.72,6.34,6.79,6.56,9.6,
GNB,654,Guinea-Bissau,Inflation,Food Consumer Price Inflation,,,,,,,,,,,,,,,,,,,,,,,,,,,,,,,,,-32.49,-2.85,0.97,3.71,0.49,5.88,15.86,-0.17,0.12,7.42,2.84,0.76,-1.26,3.09,2.5,1.74,,,,5.28,12.38
GNQ,642,Equatorial Guinea,Inflation,Food Consumer Price Inflation,,,,,,,,,,,,,,,,,,,,,,-5,-7.3,3.4,40.2,10.9,7,7.2,9.1,0.6,1.57,11.5,9.6,6.4,4.4,6.77,5.98,,,,4.69,7.1,3.94,4.62,4.4,1.47,-4.06,1.6,1,0.43,4.66,,
GRC,174,Greece,Inflation,Food Consumer Price Inflation,7.67,5.03,3.73,16.17,33.48,11.75,13.78,14.06,14.27,18.73,27.6,30.07,21.12,18.04,18.24,19.46,20.31,12.62,11.13,18.35,20.02,17.76,11.79,9.9,13.25,8.52,6.97,4.18,4.05,2.71,1.89,5.13,5.33,4.98,0.51,0.61,3.74,3.24,5.36,1.91,0.06,3.11,1.51,0,-1.68,1.8,-0.22,0.32,0.4,-4.7,1.36,1.36,11.41
GRD,328,Grenada,Inflation,Food Consumer Price Inflation,,,,,,,,,,,19,21.5,5.2,5.6,4.6,0.2,2.2,-0.2,5.1,8.4,4,1.9,0.6,4,4.8,5.2,4.5,0.4,1.7,1.4,-0.7,1.8,-0.4,0.7,3.2,4.12,5.63,6.68,14.42,1.44,3.26,4.42,3,0.9,0.82,1.04,-2.34,0.62,0.63,0.4,0.96,1.69,
GTM,258,Guatemala,Inflation,Food Consumer Price Inflation,4,-1.9,0.1,19.3,15.8,14.6,9.6,11,4.6,10.3,11.2,11.2,-2.8,2,2,21.9,36,15.4,14.8,13.3,47.1,32.3,7.2,14.5,16.1,8.8,11.5,6.8,4.6,2.2,4.3,10.5,10.53,5.74,10.28,13.21,7.14,9.89,15.11,2.02,3.45,10.66,7.18,8.38,7.46,9.32,9.94,8.9,7.23,7.82,6.37,4.79,8.62
GUY,336,Guyana,Inflation,Food Consumer Price Inflation,9.94,1.2,8.8,12,26.4,8.4,13.8,8.5,17.2,18.9,12.1,27.6,29.3,20.9,29.7,23.6,8.7,30,47,70.4,53.2,53.2,24.6,7.1,11.4,17,7.6,0.8,3.6,8.8,4.1,0.6,3.9,3.9,4.4,7.5,6.8,15.7,14.7,-0.4,,,,,,,,,,,,,
HKG,532,Hong Kong SAR,Inflation,Food Consumer Price Inflation,,,,,,,,,,,,,12.04,8.53,6.85,0.63,1.61,5.05,9.59,12.5,10.05,11.37,8.96,7.52,6.84,7.14,3.91,3.6,1.93,-1.88,-2.17,-0.79,-2.09,-1.56,1.12,1.76,1.74,4.28,10.14,1.32,2.32,7.01,5.81,4.41,4.14,3.91,3.38,2.18,3.35,4.86,3.29,1.41,4.63
HND,268,Honduras,Inflation,Food Consumer Price Inflation,5.2,3.2,4.7,5.2,17.1,9.4,3.9,11.3,6.1,8,19.2,7.3,6.7,5.3,0.3,1.6,2.8,0.6,8.3,12.5,26.5,43.7,6.2,12.7,27.3,28.3,24.7,19.8,11.7,7.9,8.31,8.72,3.9,3.57,6.77,10.05,4.24,9.55,17.18,3.58,1.83,6.15,3.01,5.06,6.72,3.25,0.97,1.58,3.52,2.17,4.68,2.9,13.1
HRV,960,Croatia,Inflation,Food Consumer Price Inflation,,,,,,,,,,,,41.6,39.6,45.1,50,71.4,91.7,131.9,187.5,1147.8,553.3,122.9,720.6,1357.7,101.1,0.8,3.2,4.4,6.4,0.78,0.32,2.53,0.2,1.65,1.42,4.57,2.52,3.33,9.99,1.62,-1.53,3.54,3.71,3.72,-2.19,0.39,-0.47,2.91,0.99,-0.12,1.93,1.62,15.03
HTI,263,Haiti,Inflation,Food Consumer Price Inflation,0.4,7.2,10,27.4,12.5,18.6,6.3,7.8,-7,15.7,36.4,13.2,0.9,11,6.1,11.7,3.3,-18.9,6.4,7.8,22.8,14.6,10.2,27,41.2,-4.5,,,9.7,1.9,9.7,15.5,10.3,36.7,28.2,,14,8.1,19.7,-2.6,5,10.2,6.64,6.49,3.8,9.47,14.69,14.22,13.8,22.23,25.99,19.65,32.58
HUN,944,Hungary,Inflation,Food Consumer Price Inflation,1,2,1,4.8,0.5,1.1,10.2,5.5,3.6,10.3,13.4,2.97,5.14,5.02,12.87,6.42,1.85,9.54,16.12,17.71,34.9,20.78,20.55,29.31,23.55,30.81,17.27,17.48,14.18,2.91,9.22,13.71,5.34,2.69,6.47,2.45,7.72,11.46,10.1,4.37,3.12,6.63,5.9,2.75,-0.36,0.86,0.65,2.74,4.15,5.11,7.25,3.45,25.72
IDN,536,Indonesia,Inflation,Food Consumer Price Inflation,9.2,2.6,10.4,43.4,41.3,20.6,22,10.7,7.8,3,17,14.8,5.9,9.2,9.9,2.4,8.6,11,12.9,8,7.2,8,7.7,7,10.8,13.3,8.15,8.66,92.56,25,-4.78,8.43,10.83,1.08,5.89,10.3,14.85,10.95,16.96,6.98,9.42,8.55,5.86,11.82,6.82,7.17,7.24,2.13,4.24,,3.41,2.71,6.02
IND,534,India,Inflation,Food Consumer Price Inflation,5.9,3.3,4.5,19.5,27.2,-0.6,-6,8.2,3.4,3,9.3,12.3,6.7,9.3,8.9,8.3,10.3,9.9,6.2,8.1,10.5,15.7,11.1,12.2,11.2,11.6,4.3,7.9,17.3,-2.4,3.9,1.2,1.4,5,4.2,1.9,10.3,10.3,10.1,11.1,10.3,8.6,9.26,12.86,7.09,5.26,5.34,1.82,1.67,3.58,8.75,3.69,7.25
IRL,178,Ireland,Inflation,Food Consumer Price Inflation,7.6,7.4,11.8,16.5,14.7,21.5,18.95,16.1,9.61,14.71,9.57,14.19,12.43,7.27,9.91,3.25,4.19,2.64,2.58,4.81,1.38,0.73,1.12,-0.33,3.34,2.76,1.7,1.52,4.09,3.03,3.1,6.54,3.47,1.47,-0.27,-0.7,1.39,2.8,6.54,-3.47,-4.56,1.15,0.57,1.06,-2.24,-2.14,-1.33,-2.07,-2.03,-0.67,-1.41,-0.25,6.45
IRN,429,"Iran, Islamic Rep.",Inflation,Food Consumer Price Inflation,0.6,6.6,8.6,6.9,15.9,12.2,6.8,18.9,18.8,22.5,28.5,29.7,16.9,18.4,9,5.3,26.2,23.6,13.7,20.1,3,19,33.7,21.3,31.8,61.2,25,10.2,23.4,24.3,12,6.6,16.3,17.7,13,13,10.3,20.65,31.02,11.87,12.42,26.07,37.99,50.08,13.75,10.52,6.57,12.52,23.13,55.71,27.77,59.22,58.62
IRQ,433,Iraq,Inflation,Food Consumer Price Inflation,3.9,4.2,5.2,5.6,10.1,9.7,11.2,8.2,5.6,,,,25,13.4,5.7,2.4,0.7,23.1,23.5,7.1,64.5,260.8,72.3,215.5,500.8,427.2,-22.9,15.5,11.2,0,-3.1,8.2,9.1,16.5,8.7,22.3,29.9,13.9,10.9,7.6,3.1,3.1,,,,2.29,-3.14,-1.84,0.25,0,-0.49,4.86,6.92
ISL,176,Iceland,Inflation,Food Consumer Price Inflation,15.9,1.9,16.5,30,45.2,50.8,36,32.5,43.8,32.3,65.9,55.9,46.2,92.9,31.1,37.67,22.9,16.72,33.93,19.04,12.82,2.57,1.34,2.33,-2.23,2.85,3.17,3.3,2.75,3.27,4.12,6.9,4.21,-2.66,1.07,-2.57,7.97,-1.06,15.99,17.53,4.24,3.83,6.09,5.09,0.51,2.84,1.32,-2.42,2.49,3.8,4.9,3.51,6.97
ISR,436,Israel,Inflation,Food Consumer Price Inflation,3.3,13.13,8.36,20.56,44.47,45.96,27,42.06,45.79,79.08,165.87,96.52,114.8,156.09,376.37,311.67,54.68,15.73,17.54,19.88,8.26,14.06,13.33,5.71,11.33,6.9,9.28,9.15,5.86,6.59,2.3,2.26,2.77,2.83,-0.64,1.66,5.1,4.1,12.27,1.07,2.45,3.34,0.53,5.21,-1.35,0.04,-1.27,0.04,0.92,2.08,-0.01,0.99,4.35
ITA,136,Italy,Inflation,Food Consumer Price Inflation,4.3,4.23,7.24,11.97,19.59,19.69,19,17.5,13.03,13.82,15.66,16.11,15.26,11.71,9.18,8.79,5.35,3.63,3.45,6.27,6.01,6.39,4.96,2.02,3.58,6.15,3.95,-0.16,1.01,0.95,1.57,4.08,3.64,3.19,2.16,-0.07,1.71,2.9,5.39,1.8,0.2,2.47,2.52,2.37,0.13,1.1,0.17,1.88,1.22,0.77,1.4,0.58,8.75
JAM,343,Jamaica,Inflation,Food Consumer Price Inflation,6.6,6.6,4.8,24.7,29.2,17.7,8.9,9.4,36.8,33.4,33.4,10.3,6.1,11.8,28.6,25.4,17.7,7.4,9.5,19.7,22.3,54.8,77.6,21.1,38.4,20.3,24.1,7.9,7,2.3,7,3.19,6.63,9.07,14.34,19.35,6.29,11.91,30.67,13.05,10.1,7.69,10.82,12.5,8.62,7.77,3.98,4.46,4.08,6.33,10.83,6.72,12.59
JOR,439,Jordan,Inflation,Food Consumer Price Inflation,7.8,6.2,11.1,18.8,34.8,15.6,14.6,14.2,3.6,5.9,10.9,8.1,4.7,2.6,1.9,2.3,1.5,-1.5,5.5,20.8,20.5,11.1,3,1.9,5.9,2.3,7,6.6,4,-0.9,-0.7,0.3,0.2,2.6,4.6,5.1,7.4,9.53,19.79,1.7,4.53,4.22,4.56,4.23,0.32,1.12,-3.48,-0.41,3.23,0.28,2.33,0.1,3.68
JPN,158,Japan,Inflation,Food Consumer Price Inflation,6.2,5.98,3.81,13.1,27.68,13.02,9.06,6.73,3.52,2.12,6.02,5.31,1.76,2.1,2.85,1.67,0.18,-0.92,0.74,2.19,4.05,4.77,0.52,1.06,0.88,-1.2,-0.14,1.79,1.46,-0.52,-1.96,-0.63,-0.81,-0.17,0.95,-0.94,0.5,0.33,2.6,0.21,-0.35,-0.4,0.09,-0.12,3.82,3.08,1.69,0.72,1.41,0.22,1.2,-0.05,4.66
KAZ,916,Kazakhstan,Inflation,Food Consumer Price Inflation,,,,,,,,,,,,,,,,,,,,,,,2009.7,591.4,1847.5,163.8,34.8,6.4,4.4,7.4,16,11.5,6.8,7,7.7,8.1,8.7,12.2,23.4,13.87,9.01,7.83,4.34,4.14,6.65,6.56,12.79,8.58,4.73,8.09,10.44,10.77,18.47
KEN,664,Kenya,Inflation,Food Consumer Price Inflation,4.8,4.8,4.8,4.8,17.9,21,16.7,12.4,12.2,0.6,21.9,11.9,20.4,9.6,10.9,19.2,3.2,3.8,7.6,9.2,8.6,23.5,35.1,45.2,30.7,-2.2,8.2,15.7,3.6,3.9,10.9,2.4,1.4,16.3,19,14.6,27.9,10.9,35.1,27.81,18.89,20.51,9.98,7.26,8.71,11.39,10.08,13.37,1.55,7.96,9.13,8.45,12.8
KGZ,917,Kyrgyz Republic,Inflation,Food Consumer Price Inflation,,,,,,,,,,,,,,,,,,,,,,,,966,161.2,40,41.2,24.9,10.5,41,18.5,5.7,0.2,2.8,3.2,5.3,8.8,1.84,-0.78,-2.21,2.68,-1.68,0.06,-0.22,0.95,-1.44,-0.07,2.46,-2.16,1.41,11.68,17.97,14.36
KHM,522,Cambodia,Inflation,Food Consumer Price Inflation,20.2,94.5,28.4,186.4,218.6,,,,,,,,,,,,,,,,,,,,,-0.9,7.6,6.7,14,7.6,-3.4,-2,1.8,1.5,6.4,8.4,6.5,10,33,1.7,2.3,6.14,3.51,3.88,4.89,4.02,5.6,3.39,2.46,2.07,4.65,2.75,5.25
KNA,361,St. Kitts and Nevis,Inflation,Food Consumer Price Inflation,18.3,1.3,17,17,31,8.9,12,21.2,17.7,11,14.2,11,3.7,2.2,2.9,-0.3,0.1,0.6,0,5,2.5,5.7,4.7,2.4,3.5,1.1,3.8,9.3,3.9,1.1,2.4,1.75,1.1,1.8,2.6,3.5,7.9,5.6,8,2.7,2.4,9.38,2.45,2.11,0.01,-10.7,-6.11,-0.12,2.42,1.94,1.25,0.17,
KOR,542,"Korea, Rep.",Inflation,Food Consumer Price Inflation,18.5,18.5,13.4,2.7,27.5,31.8,17.9,11.6,16.3,14,26.6,27.5,2.4,1.5,1.4,3.7,2.18,3.09,10.55,6.15,9.85,10.99,5.27,3.02,10.2,3.03,3.02,3.98,10.1,4.54,0.84,5.1,4.81,4.65,8.07,3.11,0.53,2.5,4.95,7.58,6.41,8.14,3.96,0.86,0.29,1.65,2.31,3.4,2.77,0.05,4.43,5.89,5.97
KWT,443,Kuwait,Inflation,Food Consumer Price Inflation,15.3,15.3,15.3,15.3,17.9,13.1,6.5,7.1,3.4,5,6.4,2.4,7,2.6,-0.2,-0.2,0.3,-1.9,0.3,3.9,12.3,10.2,-2.5,-4.5,1.7,2.1,5.8,0.7,0.2,4.6,0.8,0.6,0.7,5.4,3.2,8.5,3.9,4.7,11.7,3.2,8.4,7.54,4.78,4.01,2.9,3.39,1.71,0.16,0.05,1.08,4.88,9.48,7.84
LAO,544,Lao PDR,Inflation,Food Consumer Price Inflation,-6.9,0.6,35,40.4,52.1,87.9,,,,,,,,,,,,,,64,30.4,10.8,11.7,-3.8,2.8,22.4,13.4,25.3,92.9,118.9,,6.6,9.7,15.2,10.4,7.7,,8.1,10.9,1.9,7.7,10.31,5.6,12.6,6.88,4.55,4.29,-0.08,1.24,4.68,9.11,3.02,5.25
LBN,446,Lebanon,Inflation,Food Consumer Price Inflation,-0.4,2.6,8.7,9.7,16.6,4,,,,,,,,,,,,478.4,134.1,45.7,57.1,42.8,80.4,17,7.5,7.9,8.5,-0.6,,,,,,,,,,,12.26,3.72,3.11,6.45,5.92,2.56,3.61,-1.1,-1.22,3.67,5.19,4.13,253.96,310.68,372.83
LBR,668,Liberia,Inflation,Food Consumer Price Inflation,1.2,-9.2,0,30.2,26.4,15.4,-0.6,9.9,11.3,11.6,9.3,4.1,4.3,2.7,1.7,-3.7,-1.3,0.2,19.2,9.6,13.8,,,,,,,,,,,,,,,,16.56,18.66,25,2.59,7.2,11.36,10.25,10.28,9.05,10.08,7.89,6.45,20.91,28.89,,,
LBY,672,Libya,Inflation,Food Consumer Price Inflation,,,-8.7,-8.7,7,7.2,12.7,12.2,11.7,27.9,,,,13.3,10.9,,,,,,,,,,,,,,,,,,,,,,,,,,,,,,,,29.81,35.13,,,,,
LCA,362,St. Lucia,Inflation,Food Consumer Price Inflation,9.5,11.8,8.8,18.5,40.5,17.1,10,8.1,10.7,9.4,17.4,2.8,19.2,0.4,0.1,-1.4,3.3,11.3,-1.1,4.1,4.7,8.9,5,-0.6,4.9,7.6,-0.4,-2.6,4.2,2.9,1.2,3.2,-1.2,2.1,0.8,7.1,3.3,6.39,7.91,3.13,-0.18,2.73,6.51,5.06,2.09,0.23,-3.22,-1.45,3.66,2.17,-2.21,-0.05,3.44
LKA,524,Sri Lanka,Inflation,Food Consumer Price Inflation,6.8,1.8,6,12.7,14.1,7.7,-1.1,0.6,16.8,10.9,29,17.6,12.7,12.4,18.1,0.1,7.2,8.7,15.1,10.3,23.3,11.9,11.9,11.2,8.9,6.9,19.2,10.9,10.9,4,4.5,15.2,10.6,5.8,7.8,12.1,13.2,18.2,30.5,2.8,6.8,,,,13.82,5.24,3.07,11.34,-0.22,0.66,12.18,11.2,56.74
LSO,666,Lesotho,Inflation,Food Consumer Price Inflation,15.2,15.2,15.2,15.2,15.2,18.1,10.8,25.3,15.4,9.2,23.9,13,13.6,18.3,10.5,12.9,17.8,12.7,9.8,11.2,11.4,18.3,23.6,10.4,6.2,12.7,9.6,9.3,9,7.5,4.6,6.5,26.6,5.6,4,2.6,8.98,14.15,15.68,8.5,3.5,6.97,9.86,5.38,5.31,6.14,11.84,6.43,4.44,6.83,10.34,9.64,8.56
LTU,946,Lithuania,Inflation,Food Consumer Price Inflation,,,,,,,,,,,,1.7,4.6,0.8,-0.1,2.3,7.7,5.9,-0.8,0.1,0.1,217.6,1086.5,421.4,59.59,40.23,27.74,6.07,-0.15,-3.95,-2.44,3.54,-0.71,-3.7,2.22,3.92,6.09,11.26,15.93,1.64,-0.45,8.25,3.05,1.67,0.77,-0.86,1.23,3.56,1.44,2.93,2.26,2.77,25.4
LUX,137,Luxembourg,Inflation,Food Consumer Price Inflation,5.1,3.53,6.7,7.13,9,11.27,12.13,4.03,1.54,2.63,3.6,8.35,10.61,7.95,7.32,3.64,2.87,-1.34,1.1,3.32,3.23,3.1,0.74,-0.29,1.78,2.44,0.84,1.05,2.68,1.21,2.04,4.77,3.91,1.93,1.83,1.64,2.37,3.36,5.37,1.43,0.87,2.56,2.57,3.65,0.56,0.77,1.53,2.82,2.21,1.4,2.73,0.9,6.64
LVA,941,Latvia,Inflation,Food Consumer Price Inflation,,,,,,,,,,,,,,,,,,,,,,178.75,773.99,90.5,33.26,16.14,12.41,2.54,1.33,-1.13,0.63,4.86,3.42,2.63,7.37,9.21,8.15,13.48,18.26,-0.06,-0.29,8.44,2.31,1.34,-0.28,-1.26,1.07,5.59,0.58,2.92,2.38,2.24,20.86
MAR,686,Morocco,Inflation,Food Consumer Price Inflation,,,,,,,,,,,,,,,,,,,,,,,,,,,,,,,,,,,,,,,,-0.44,1.23,1.42,2.39,2.18,-1.21,2.56,2.8,0.01,0.95,-1.36,0.94,0.59,10.02
MDA,921,Moldova,Inflation,Food Consumer Price Inflation,,,,,,,,,,,,,,,,,,,,,,,1337,1318.4,453,29.6,19.5,7,4,32.7,36.4,10.7,4.3,13.6,12.7,10.6,9.1,10.9,15.4,-5.6,6.3,8.9,8.9,-0.2,-0.2,0.73,-0.92,0.47,5.51,7.61,7.35,7.11,32.48
MDG,674,Madagascar,Inflation,Food Consumer Price Inflation,5.5,7.1,6.7,6.7,15.6,13.7,8.9,9.4,7.3,11.1,15.2,26.7,39.3,28.9,7.5,4.6,12.6,21.1,21.7,10.5,13.8,7.9,10.9,14.2,29.2,44.1,24.7,10.2,16.9,8.7,11.3,1.9,15,-3.7,19.3,26.4,6.2,11.8,10.4,8.3,6.4,13.5,5.17,4.96,5.41,6.52,6.39,9.3,10.86,4.82,3.81,7.44,7.74
MDV,556,Maldives,Inflation,Food Consumer Price Inflation,,,,,,,,,,,,,,,,,,,1.9,2.7,6.6,12.7,14.5,17.9,3.9,12,9.3,19.5,-4.7,4.2,-4.8,2.1,3.6,-6.1,16,2.1,4,16.2,19.1,0.5,7.5,19.93,17.63,7.16,0.72,0.48,0.58,6.13,-1.08,-0.79,2.73,1.8,4.48
MEX,273,Mexico,Inflation,Food Consumer Price Inflation,5.36,4.45,4.05,15.61,30.86,12.45,12.15,28.92,16.47,18.61,25.25,25.85,53.35,89.39,75.54,59.76,84.81,130.91,110.37,21.58,25.94,19.31,10.66,5.49,4.65,39.63,42.25,19.11,16.02,15.66,5.42,5.06,3.75,5.53,7.22,5.37,3.66,6.62,8.15,8.82,3.31,4.36,8.12,5.17,4.74,3.99,4.47,6.97,4.8,4.39,6.62,7.23,13.29
MKD,962,"Macedonia, FYR",Inflation,Food Consumer Price Inflation,,,,,,,,,,,,,46.6,46.7,40,70.4,94.2,105.8,195.2,1264.9,541.6,104.5,1590.6,346.4,123,8.6,-0.1,4.2,-0.2,-1.6,-0.4,6.9,1.8,-1.79,-2.88,-1.2,2.06,3.72,14.87,-1.2,0.12,6.16,2.29,3.43,-0.97,0.07,-1.3,0.25,0.82,1.62,2.41,3.13,18.87
MLI,678,Mali,Inflation,Food Consumer Price Inflation,1.4,20.7,7.7,29.2,2.1,5.9,8.1,25,33.2,-4.1,22.1,12.2,2.3,9.8,12.6,7.7,-4.2,-14.1,8.6,6.25,3.9,3.9,-9.9,-0.9,26.6,14.7,9,-1.6,-3.7,-3.7,-4.5,8,7.2,-4.1,-7,11.3,-0.4,1.84,13.01,3.15,5.12,5.14,8.04,-3.28,-0.21,3.05,-3.27,2.53,2.16,-5.37,2.5,5.18,14.32
MLT,181,Malta,Inflation,Food Consumer Price Inflation,3,0.7,4.3,13.9,7.5,7.3,-1,19,7.6,5.1,21.1,13,7.5,-2,-1.1,-1.1,2.4,0.7,0.1,-0.6,4.2,1.5,0.2,5.2,3.6,3.3,3.7,1.4,2,0.8,1.6,6,1.3,1.7,0.21,1.76,2,4.36,8.03,6.37,1.02,3.84,4.7,4.78,0.53,2.97,2.16,3.46,2.92,3.62,2.14,2.35,10.02
MMR,518,Myanmar,Inflation,Food Consumer Price Inflation,-7.3,2.4,12.1,30.7,24.9,35.7,17.8,-3,-7.4,8.6,1.7,-4.3,3.4,9.3,1.8,9.5,6.3,26.7,20.7,28.4,19.2,37.5,22.5,38.9,20.2,25.9,18.9,30.3,24.8,22,-2.5,19.5,68.3,36.3,1.1,9.3,20.6,35.1,29.2,12.3,7.2,3.9,4.8,6.9,5.4,13.09,9.23,4.38,6.58,9.01,3.05,5.61,
MNE,943,Montenegro,Inflation,Food Consumer Price Inflation,,,,,,,,,,,,,,,,,,,,,,,,,,,,,,,,,,,,,,,,,0.81,4.1,4.17,3.92,-1.43,2.93,-0.82,1.73,0.41,3.13,1.62,3.54,21.58
MNG,948,Mongolia,Inflation,Food Consumer Price Inflation,,,,,,,,,,,,,,,,,,,,,,,,,,,,,,,,,,,,,3.26,13.08,43.71,1.65,12.21,7.66,21.66,8.46,10.99,1.88,-2.89,4.25,6.92,10.68,6.64,13.79,19.2
MOZ,688,Mozambique,Inflation,Food Consumer Price Inflation,5.6,13.6,14,-1.8,22,11.7,8.3,,,,,1,21.8,26,25.2,49.5,12.4,,,,,,,,,50.8,45,5.9,-2.6,-6.3,7.5,10.6,19.6,12.5,10.8,5.4,17,10.3,18.86,7.01,15.32,13.18,3.13,5.35,3.83,5.22,27.23,16.39,0.01,3.28,7.6,10.94,12.43
MRT,682,Mauritania,Inflation,Food Consumer Price Inflation,6.5,9.6,8.8,11,16.1,,19.5,7.4,9.3,11,12.2,,,8,9.6,,,,,,,2.7,7.5,9.6,3.5,8,7.5,4.2,8.8,3.6,3.9,6.5,4.4,6,6,13.7,5.4,10.5,9.6,2.6,7.6,6.36,4.3,4.41,5.07,5.64,2.28,3.08,4.2,2.72,2.19,5.79,13
MUS,684,Mauritius,Inflation,Food Consumer Price Inflation,1.4,0.1,6.2,15.6,32.5,16,16,8.6,6.6,14.3,51.2,14.5,9.5,7.2,9,7.2,2.2,2.5,11.7,13.9,10.8,4.2,0.4,13.8,9.3,6,5.3,5.3,8,6.4,1.3,4,2.8,2.8,6,5.83,10.04,15.55,15.84,4.08,3.71,5.86,2.16,3.41,4.62,3.24,1.06,3.73,5.81,0.72,6.22,4.33,14.5
MWI,676,Malawi,Inflation,Food Consumer Price Inflation,16.1,11.2,4.2,6.8,16.5,19.1,2.3,1.7,6.3,13.9,24.7,9.8,4.4,15.4,15.7,9.1,15.7,26.8,32,15.8,12.8,13.1,28.4,26.4,38.3,92.9,45.3,8.2,27.7,43,19.7,17.6,16.16,5.29,7.52,17.27,15.55,7.39,6.96,7.34,5.04,3.13,19.51,25.75,21.24,23.86,24.77,13.64,12.75,15.27,17.34,,
MYS,548,Malaysia,Inflation,Food Consumer Price Inflation,2.1,1.5,3.2,15.9,26.1,3.8,2,5.5,5,2.6,4.6,11.5,7.6,0.8,3.5,-2.4,0.2,-0.5,3.7,3.7,4.3,4.9,6.4,2.4,5.3,4.9,5.7,4.1,8.9,4.6,1.9,0.7,0.7,1.3,2.1,3.7,3.39,3.02,8.84,4.13,2.39,4.81,2.69,3.56,3.34,3.63,3.78,3.98,1.63,1.65,1.27,1.77,5.3
NAM,728,Namibia,Inflation,Food Consumer Price Inflation,,,,,,,,,,,,,,,9.7,5.9,13.9,17.1,14.6,17.5,17.3,5.9,19.7,6.5,13.2,11.6,6.7,7.7,2.7,5.6,6.9,11.5,19.5,9.06,0.98,1.3,6.49,11.94,16.79,10.54,3.17,4.93,9.04,6.51,8.26,5.64,10.77,5.6,3.18,4.3,5.22,5.73,7.18
NCL,687,New Caledonia,Inflation,Food Consumer Price Inflation,4.3,4.6,3.8,4.3,9.7,13.8,15.4,12,12.3,16.2,10.9,10.1,12,4.4,7.1,12.4,3.9,-4.1,-10.2,1.6,6.6,9.5,-0.2,1.1,44.1,9.1,12.2,5.6,5.6,-5.3,3.1,7.1,4.5,-4.7,-1.5,14.9,-1.82,-0.53,20.36,11.17,0.33,3.43,3.23,4.44,-1.27,0.46,-1.21,0.75,-0.57,-4.59,-0.21,7.47,8.15
NER,692,Niger,Inflation,Food Consumer Price Inflation,4.3,4.6,3.8,4.3,9.7,13.8,15.4,12,12.3,16.2,10.9,10.1,12,4.4,7.1,12.4,3.9,-4.1,-10.2,1.6,6.6,9.5,-0.2,1.1,44.1,9.1,12.2,5.6,5.6,-5.3,3.1,7.1,4.5,-4.7,-1.5,14.9,-1.82,-0.53,20.36,11.17,0.33,3.43,3.23,4.44,-1.27,0.46,-1.21,0.75,-0.57,-4.59,-0.21,7.47,8.15
NGA,694,Nigeria,Inflation,Food Consumer Price Inflation,23.6,26.2,1.5,-2.3,19.9,42.9,22.7,18.6,17.5,8.4,7.1,26.1,8.9,23.2,42.9,3.9,0.1,17.8,54.1,52.6,3.7,11.9,46.5,57.9,46.8,72.1,30.14,11.52,3.64,1.1,2.77,28.58,13.9,6.4,14.45,22.78,5.58,2.13,15.92,14.7,14.86,10.19,11.18,9.51,9.45,9.86,14.83,19.45,14.32,13.68,16.08,20.3,20.06
NIC,278,Nicaragua,Inflation,Food Consumer Price Inflation,,,,,13.1,7.7,1.1,14.8,3.6,63.3,49.1,29,29.1,41.4,41.6,246.8,887,990.7,,3947.9,7296.6,2751.2,22.9,11.5,7.8,12,11.4,9.1,14.3,5.4,5,8.6,3.2,4.3,10.7,11.5,9.1,17.2,29.4,2.4,4.5,9.11,8.6,9.39,7.87,4.74,1.52,0.58,4.18,4.58,5.13,6.38,15.64
NLD,138,Netherlands,Inflation,Food Consumer Price Inflation,8,4.67,6.59,7.93,7.12,8.05,9.74,5.59,0.37,2.19,4.38,5.7,5.71,0.17,3.22,0.3,-1.24,-2.05,0.22,1.13,2.21,3.4,1.77,-0.31,1.87,0.38,-0.12,1.63,2.34,1.31,0.08,7.04,3.28,1.11,-3.47,-1.29,1.64,1.03,5.63,1.08,-0.08,2.21,2.02,2.41,-0.06,0.65,0.95,2.66,0.79,4.05,1.9,-0.21,10.15
NOR,142,Norway,Inflation,Food Consumer Price Inflation,13.1,6,7,7,8.2,15.3,10.1,8.5,5.8,4.1,8.66,16.75,13.91,7.92,6.91,6.43,9.2,7.59,6.36,2.81,3.41,1.84,1.63,-0.96,1.4,1.57,1.56,3.37,4.8,2.85,1.9,-1.91,-1.71,3.36,1.81,1.6,1.39,2.71,4.21,4.18,0.21,-0.09,1.21,1.05,3.09,2.89,2.58,0.01,2.53,1.07,3.27,-2.03,6.1
NPL,558,Nepal,Inflation,Food Consumer Price Inflation,-4,-4,9.9,11.7,18.1,4.9,-7.8,12.3,8.4,1.6,17,10.7,12.9,13.6,0.3,6.8,22.7,12.4,8.1,10.4,7.1,19.6,16.1,6,8.2,7.7,10.3,5.2,15.4,7.7,-2.7,1.3,3,5.4,2.5,6.6,7.3,8.1,13.8,17.2,,,,,,,,2.57,2.76,5.63,7.22,4.08,7.23
NZL,196,New Zealand,Inflation,Food Consumer Price Inflation,9.1,9.12,4.77,11.23,11.53,10.59,18.55,17,10.74,17.27,20.46,16.77,12.37,4.03,5.22,14.4,10.23,11.9,5.78,9.09,7.39,0.32,-0.14,1.22,-0.67,1.13,1.33,2.22,3.55,0.91,1.09,6.67,2.91,-0.44,0.36,1.24,2.98,3.98,8.44,6.05,0.95,5.2,-0.72,0.43,0.31,-0.06,-0.6,2.17,-0.24,1.08,3.18,1.76,7.6
OMN,449,Oman,Inflation,Food Consumer Price Inflation,,,,,,,,,,,,,,,,,8.3,0.7,1.6,1.4,-0.4,3.1,-0.7,-1.6,-1,1.7,2.7,0.5,-0.3,-0.2,-1.3,-0.6,0.14,1.12,1.28,4.45,6.31,10.98,22.68,0,1.77,4.6,2.17,2.76,1.74,-0.81,-1.17,0.55,-0.7,1.21,1.25,0.83,5.24
PAK,564,Pakistan,Inflation,Food Consumer Price Inflation,7.4,5.2,12,30,26.9,21.6,5.9,12,5.7,5.8,6.9,12.6,1.1,5.8,6.6,4.8,2.6,6,11.7,8.7,8.6,10.6,10.8,10.5,14.2,14.4,9.3,12,5.7,3.9,3.2,1.8,2.5,2.5,10.7,9.9,8.5,10.8,27.6,13.3,17.02,14.56,8.48,8.17,5.79,0.55,2.46,3.29,2.19,11.63,15.38,10.51,22.68
PAN,283,Panama,Inflation,Food Consumer Price Inflation,3,2.5,4.5,9.8,22.8,6.8,1.4,3,6.2,10.2,12.6,9,6,2.3,1.5,0.3,0.4,2.6,1.1,-0.4,1.3,2.4,3.5,0.3,1.5,0.5,0.7,0.7,0.4,-0.1,0.7,-0.4,-0.6,1.2,1.3,4.2,1.31,6.72,14.93,5.77,2.87,5.91,8.08,5.75,3.04,-1.69,1.47,-0.54,-0.64,0.49,-0.82,1.64,3.38
PER,293,Peru,Inflation,Food Consumer Price Inflation,5.8,7.2,7.7,9.8,18.7,32.9,32,40.6,59.4,74.2,58.8,76.4,52.9,125.7,106.3,149.9,85.1,65.6,545.2,2765,7002.2,346.8,71.4,49.3,18.2,9.4,12.2,7.1,8.3,-0.3,0.8,0.5,-0.3,0.8,5.6,0.9,2.4,2.5,9.2,4.2,3.69,3.75,4.17,3.19,3.81,4.58,4.1,0.31,-0.37,1.7,1.89,4.68,
PHL,566,Philippines,Inflation,Food Consumer Price Inflation,33.4,33.4,18,15.9,32.7,5.4,10.3,9.7,6.2,14.9,14.9,17.9,6.8,4.6,50.8,23.4,-1.6,3.8,10,13.2,11.6,15.5,7,5.7,7.9,7.94,10.51,2.92,8.17,4.47,3.08,3.62,2.01,0.99,6.01,6.34,5.18,3.72,12.94,6.27,3.98,5.48,2.59,2.53,5.77,1.89,1.58,3.05,6.85,2.06,2.73,4.56,5.47
PNG,853,Papua New Guinea,Inflation,Food Consumer Price Inflation,1.4,4.1,6.8,9.9,32.8,7.2,5.4,3.6,4.4,5.2,14.3,8.7,4.9,5,7.2,3.9,2.5,2.4,3.9,3.9,9.6,7.8,3.3,2.4,1.9,18,13.8,6.4,13.4,17,13.6,9.6,17.1,13.3,0.5,3.5,5.3,0.6,16.6,7.2,5.4,-0.54,-1.06,-1.72,4.9,4.86,5.07,2.83,0.81,3.01,2.23,4.36,5.68
POL,964,Poland,Inflation,Food Consumer Price Inflation,2.2,1.9,-0.1,1,10,0.9,3.4,5.1,10.3,8.1,10.7,30.1,126.3,20.3,13.4,11.8,15,23.2,54.5,300.8,533.3,51,36.8,32.5,32.6,27.2,17.74,12.39,7.01,1.71,9.71,4.65,-0.66,-1.19,6.2,2.17,0.63,4.5,5.67,4.56,2.76,5.11,4.11,1.94,-0.92,-1.63,0.89,4.35,2.56,4.85,4.73,3.18,14.81
PRT,182,Portugal,Inflation,Food Consumer Price Inflation,4.9,8.73,10.15,8.33,33.15,23.31,21.61,35.8,18.72,26.92,15.82,19.47,24.83,26.42,32.1,17.62,8.49,8.58,7.62,10.46,14.05,7.83,6.03,0.92,3.69,2.72,2.03,0.16,3.74,2.17,2.12,6.47,1.53,2.31,1.12,-0.57,2.69,2.45,3.72,-3.44,-0.24,2.1,3.2,1.94,-1.34,1.01,0.49,1.53,0.74,0.32,2.09,0.74,12.33
PRY,288,Paraguay,Inflation,Food Consumer Price Inflation,-1.9,8.5,11,21.8,24.7,4.6,4.2,11.2,12.9,29.6,18.9,10.4,3.5,17.1,28.9,27.5,43.6,23.8,23.8,20.4,46.4,19.9,14.9,17.2,21.1,14.3,5.2,3.8,11.73,3.12,8.67,4.11,10.89,22.79,7.66,5.74,15.67,17.41,15.82,0.6,8.51,13.33,-1.89,3.22,6.45,2.95,5.86,5.74,3.9,1.16,1.21,9.22,16.65
QAT,453,Qatar,Inflation,Food Consumer Price Inflation,,,,,,,,,,,,,6,4,3.8,1.2,0.8,1.4,1.9,4.2,1.5,6.1,-0.1,-7.2,-5.1,11.1,4.4,-0.6,4.1,-0.1,0.4,-0.2,1.3,-0.4,3.6,3.2,6.9,7.4,19.9,11,2.1,3.46,3.13,2.3,0.23,0.84,-1.85,1.92,-0.05,0.02,0.26,2.67,4.76
ROU,968,Romania,Inflation,Food Consumer Price Inflation,1.1,1.5,0.6,1.2,1.7,0.4,0.6,0.9,0.9,0.8,4,1.6,33.5,9.8,-11.3,1.2,1.3,1.7,2.1,1.6,4.5,198.8,236.93,248.85,136.18,31.72,36.39,151.31,48.49,27.92,43.76,35.95,18.5,14.83,9.56,6.16,3.9,3.9,9.22,3.26,2.34,6.02,1.91,2.96,-1.63,-3.8,-2.58,2.48,3.75,4.7,4.8,2.81,15.73
RUS,922,Russian Federation,Inflation,Food Consumer Price Inflation,,,,,,,,,,,,,,,,,,,,,,,1589.6,892,301.8,213.3,36.1,12.7,27.3,96.6,17.5,21.7,12.2,11.2,10.3,13.39,9.19,8.8,21.12,11.61,6.59,10.86,3.29,6.15,9.96,20.99,5.76,2.7,1.62,5.05,3.9,9.6,12.85
RWA,714,Rwanda,Inflation,Food Consumer Price Inflation,7,7,5.6,4.4,32.2,31.4,-3.4,3,16.2,12.7,0.4,-3.8,-1.7,49.6,8.7,0.9,-9.3,7.8,8.4,2.9,5.1,13.6,7,14.5,14.5,14.5,4.2,23.9,8.9,-14.7,0.9,6,-1.2,13.8,18.9,10.1,9.92,7.83,16.32,16.25,1.66,6.54,12.41,5.09,1.17,3.86,10.81,9.45,2.88,3.72,15.4,-4.15,25.02
SAU,456,Saudi Arabia,Inflation,Food Consumer Price Inflation,2.9,2.9,1.7,15.9,17.8,18.6,23.1,21.1,-2.4,3,6.3,5.7,1.4,0.1,0.7,-3.3,-0.8,-1,0.6,2.3,1.8,7.5,3.6,1.7,-1.7,0.3,2.8,2.1,0.2,-3.4,-1.7,0.6,-0.6,2.58,2.76,3,5.34,6.97,14.11,1.96,6.27,5.15,4.44,5.83,1.37,0.64,-1.3,-0.83,6.48,2.07,9,5.39,3.67
SDN,732,Sudan,Inflation,Food Consumer Price Inflation,-0.8,-0.8,10.4,16.4,25.5,28.2,-1.8,18.8,26.4,31.8,28.8,25.2,25.3,35.4,28.8,48,-10.9,79.6,62,68.7,67.8,130.8,97.4,,,,,,,,,,,,,,,,,,,,,,,11.65,13.65,34.92,2.46,62.68,67.73,251.07,142.85
SEN,722,Senegal,Inflation,Food Consumer Price Inflation,4.7,7.7,6.6,7.3,18.4,22.4,7.4,6.2,12.4,12,11.9,12.4,10.8,12.6,9.2,7.2,7.4,2.1,-2.2,0.5,6.3,4.2,2.3,1.4,43.5,3.9,2.8,3.86,4.31,1.85,1.3,4.91,4.76,-0.61,0.75,3.89,1.37,7.27,13.01,-3.24,3.97,6.66,2.48,1.3,-1.86,1.81,3.31,3.74,1.06,0.98,3.3,2.78,13.94
SGP,576,Singapore,Inflation,Food Consumer Price Inflation,2.1,2.29,2.45,33.15,25.69,1.07,-6.06,4.91,4.78,2.81,7.71,9.58,4.99,0.4,1.53,-1.18,-1.49,-0.16,1.39,1.14,0.77,1.58,1.2,0.96,3.54,2.3,2.11,2.03,0.24,0.87,0.53,0.5,0.03,0.6,2.02,1.29,1.55,2.96,7.73,2.27,1.36,3.05,2.33,2.11,2.91,1.93,2.05,1.4,1.44,1.53,1.86,1.6,4.92
SLE,724,Sierra Leone,Inflation,Food Consumer Price Inflation,12.8,-3.9,8.7,8.9,18.7,23.2,17.3,7.3,8.2,16.1,14.2,24.3,30.2,65.6,52.7,79.9,77.5,177.5,34,66.1,113.5,85.5,42,-34.4,34.4,33.3,22.4,6.8,31.8,34.2,-0.3,5.2,-0.8,7.5,7.5,7.3,7.3,11,8.51,8.3,8.59,7.75,6.71,5.68,4.66,8.36,12.57,19.44,17.7,8.81,8.55,16.96,26.77
SLV,253,El Salvador,Inflation,Food Consumer Price Inflation,4.9,0.2,1.1,7.5,17.3,20.5,7,8.7,10.7,14.7,19.7,17.7,10.7,13.4,14.1,18.9,31.8,25.4,29.4,26.9,25.9,17.9,12.8,5.6,5.6,2.8,14.4,4.2,1.6,-1.5,0.3,4.6,1.9,1.9,6.3,6.2,3.1,6.3,12.1,-4.3,1.02,6.94,0.3,2.39,3.19,1.37,-0.56,0.16,0.53,1.16,1.58,2.27,12.17
SRB,942,Serbia,Inflation,Food Consumer Price Inflation,,,,,,,,,,,,,,,,,,,,,,,,,,,,,,,,,,,,,,,23.08,5.51,2.62,14.71,6.95,7.5,-0.94,1.96,-0.31,3.28,1.86,2.57,2.54,4.45,18.06
STP,716,S?o Tom? and Principe,Inflation,Food Consumer Price Inflation,,,,,,,,,,,,,,,,,,,,,,,,,,,,,51.6,,,3.7,10.1,9.3,14.9,16.7,26.5,21.7,37.9,21.2,16.42,15.8,12.21,9.45,7.29,4.13,5.62,6.58,8.68,9.81,,,
SUR,366,Suriname,Inflation,Food Consumer Price Inflation,,-2,2.7,22.1,15.9,6.5,9.1,6.5,4.1,12,11.3,8.2,3.3,4.5,1.4,9.8,25.6,79.4,4.6,1.6,29.9,18.7,54.9,163.9,387.4,231.7,-7.3,-0.8,14.4,90.5,65.7,24.3,18.1,,,10.4,4.8,8.4,24.6,,10.3,16.6,,,,,55.95,33.01,8.96,5.24,43.36,61.27,51.96
SVK,936,Slovak Republic,Inflation,Food Consumer Price Inflation,,,,,,,,,,,,,,,,,0.4,0.2,-0.2,0.1,11,51.92,7.47,20.58,17.16,12.53,4.11,5.68,5.84,2.72,5.25,5.89,1.43,3.38,4.8,-1.37,1.42,3.99,7.67,-3.23,1.61,6.06,4.19,3.51,-0.78,-0.29,-2.78,3.97,3.9,4,2.52,1.83,17.67
SVN,961,Slovenia,Inflation,Food Consumer Price Inflation,,,,,,,,,,,,49.4,36,44.7,53.1,73.3,100,123.1,210.3,1288.9,516,112.3,205.8,25.7,23.1,15.6,9.04,8.6,8.22,3.72,6.08,9.13,7.51,4.46,0.53,-1.01,2.28,8.02,10.02,0.49,0.7,4.39,4.11,3.6,-0.3,0.83,0.92,2.22,2.67,1.6,3.52,-0.2,11.63
SWE,144,Sweden,Inflation,Food Consumer Price Inflation,8.5,9.2,9.08,5.78,6.16,11.8,12.85,14.62,9.53,5.35,11.56,15.02,12.42,11.66,11.65,7.43,7.18,3.09,5.48,5.74,7.2,4.54,-5.14,0.7,1.73,1.43,-6.95,0.38,1.13,1.48,0,2.87,3.25,0.32,-0.44,-0.69,0.76,2.03,6.91,2.89,1.45,1.28,1.48,2.21,0.37,2.33,1.05,2.14,2.37,34.36,2.14,0.41,10.65
SWZ,734,Swaziland,Inflation,Food Consumer Price Inflation,2.1,2.3,1.5,15.6,19.9,11.8,5.6,18.7,8.3,13.5,24.7,24.5,9.2,12,14.4,12.8,11.8,15.4,12.9,12.9,16.5,13.3,11.7,13.4,19.6,20.4,12,12,4.1,4.9,6.7,6.5,21.9,12.2,6.9,8.7,14.7,17.6,18.9,10.23,0.42,5.96,13.11,5.69,6.35,4.15,15.07,7.1,1.95,2.15,,,
SYC,718,Seychelles,Inflation,Food Consumer Price Inflation,18.4,18.4,28.6,23.6,22.1,22.1,16.7,13.8,9.8,4.4,14.7,5.7,1,6.1,4.3,0.9,0.4,3.2,1.7,1.8,4.8,2.5,1.8,2.8,-7.1,-0.4,-2.9,2.2,2.5,-1,1.5,4.9,0.7,9.3,0.8,1.22,6.76,12.51,39,40.83,-3.78,4.22,5.96,6.76,0.51,0.48,0.04,0.34,-0.05,-0.01,10.26,,
SYR,463,Syrian Arab Republic,Inflation,Food Consumer Price Inflation,4,3.8,0,22.1,15.1,18.5,11.3,13,5.1,5.7,19.2,19.4,14.6,4.2,6.6,18.9,41.8,63.7,31.6,12,19,6,6.6,12.4,14.2,6.9,9,2.4,-2.3,-4,-2,0.2,-0.6,,5.2,8.6,12.7,9.1,20.7,0.3,4.7,,,,,,,,,,,,
TCD,628,Chad,Inflation,Food Consumer Price Inflation,,,,,,,,,,,,,,,,,,,,,,,,,40.67,5.85,13.75,7.42,4.27,-11.9,7.82,18.67,6.21,-2.56,-5.36,11.38,-1.98,-11.07,16.32,9.3,-3.82,1.65,12.34,-1.62,2.52,2.47,-2.71,-3.72,-1.86,-5.39,9.44,-1.63,5.93
TGO,742,Togo,Inflation,Food Consumer Price Inflation,3.9,10.4,7.8,2.1,12.3,23.9,17.6,26.8,-8.6,6.9,12.9,25.8,13.5,11.3,-10.3,-8.2,4.1,-0.9,14.7,-17.7,1.9,-4.2,3.1,-0.4,31.7,27.8,5.8,14.2,-3,-5,-3.4,5.2,3.9,-5.7,-1.2,1.83,2.47,3.89,5.67,9.5,-0.34,1.15,3.37,0.57,-4.35,5.88,3.15,-4.15,0.31,-0.52,3.39,9.83,12.07
THA,578,Thailand,Inflation,Food Consumer Price Inflation,0.2,0.6,6.4,14.4,28.5,4,5.5,9.38,8.68,9.17,19.47,10.78,2.8,4.95,-1.17,-2.4,0.59,2.18,5.14,8.35,7.82,7.07,4.46,2.23,6.88,8.1,8.89,6.97,9.3,-0.83,-1.12,0.65,0.44,3.69,4.52,4.95,4.56,4.04,11.59,4.4,5.44,7.96,4.85,3.41,3.94,1.13,1.61,0,0.41,2.31,1.23,-0.13,6.49
TJK,923,Tajikistan,Inflation,Food Consumer Price Inflation,,,,,,,,,,,,,,,,,,,,,,,,,,,,,,,,,,,,,,,,,,,,,,,5.1,9.24,2.68,,,,
TON,866,Tonga,Inflation,Food Consumer Price Inflation,-2.5,0.9,9.5,30.9,16.9,7.4,3.3,18,13,2.5,21.8,20.9,14.9,9.7,-6.4,18.9,25.5,3.5,10,-1.3,7.6,6.3,12.3,-3.9,-0.8,3.1,7.3,3.1,6.2,5.4,0.3,11.8,16.8,9.6,9.1,6,2.94,7.35,7.69,7.85,2.98,6.57,1.47,1.86,3.65,1.86,1.33,8.6,9.1,1.73,1.9,7.24,10.24
TTO,369,Trinidad and Tobago,Inflation,Food Consumer Price Inflation,4.3,4.6,11.5,19,30,16.9,11.9,6.9,9.1,13.8,19.3,16.6,13.6,5,10,8.5,10.6,19.4,12.8,22.5,17.1,6.1,8.65,18.89,17.6,16.82,10.09,10.2,14.95,8.62,8.31,14.03,10.12,13.65,12.88,22.99,23.13,17.45,25.9,12.68,22.07,10.47,19.09,8.73,10.04,8.56,7.47,2.92,1.12,0.57,2.8,4.4,9.04
TUN,744,Tunisia,Inflation,Food Consumer Price Inflation,10.2,10.2,1.9,7.3,0,0.8,16.5,4.7,6.2,9.3,13.6,8.9,13.3,8,9.7,9.2,5.8,6.5,7.9,8.4,6.9,8.5,4.3,2.7,4.3,8.3,3.8,4.2,2.7,2.3,4.6,2,4,3.4,4.9,0.1,5.4,2.8,6.2,4.3,9.39,4.58,7.03,7.18,4.95,4.51,2.72,5.63,7.25,6.87,4.66,6.34,9.72
TUR,186,Turkey,Inflation,Food Consumer Price Inflation,7.8,13.23,13.19,23.73,15.63,26.82,19.9,29.56,44.31,55.12,107.74,35.91,31.23,26.95,62.39,37.88,27.16,43.03,70.83,69.29,64.35,67.11,71.34,63.51,111.87,96.8,71.61,90.92,84.48,47.55,46.63,49.08,49.58,22.66,6.81,4.93,9.7,12.42,12.79,8.02,10.58,6.24,8.41,9.1,12.62,11.15,5.79,12.7,17.96,19.54,13.85,24.28,85.17
TZA,738,Tanzania,Inflation,Food Consumer Price Inflation,2.2,5.8,9.1,11.4,35.3,30.6,-0.2,13.9,13.6,11,27.2,23.5,32.8,27.2,37.8,29.2,34.8,30.6,34.8,30.2,35,31.9,21.2,22.8,32.4,33.4,20.4,17.5,14.7,8.8,6.8,6.1,4.1,6.53,8.24,4.74,7,7.01,12.65,17.53,7.64,15.97,20.59,8.47,7.43,8.41,7.5,9.12,2.96,2.86,4.79,4.26,6.87
UGA,746,Uganda,Inflation,Food Consumer Price Inflation,13.2,24.7,-5.5,18.6,75.5,23.5,62,79.5,,,,,,38.5,41.8,174.8,128.4,197,197.1,,19.2,23.9,65.3,-4,15.9,4.6,6.6,18.1,-2,6.9,1,-0.66,3.24,-0.21,-3.07,-6.87,5.94,2.66,19.85,25.25,2.66,29.26,13.61,2.25,3.82,7.43,5.53,10.1,-1.19,-0.2,1.76,0.67,12.64
UKR,926,Ukraine,Inflation,Food Consumer Price Inflation,0,0.4,0.2,0.1,0.5,0.1,-0.1,0,1.1,0.6,0.9,1.2,2.9,1,-0.2,1.8,4.7,4.7,-0.1,0.6,,,,5414.1,799.2,355.9,58.3,11.6,11.8,27.8,34.5,14.4,0,6.2,11.3,16.6,5.31,9.64,35.68,11.94,10.88,6.42,-2.13,-2.16,12.05,45.92,8.96,12.88,11.15,8,2.74,10.79,25.26
URY,298,Uruguay,Inflation,Food Consumer Price Inflation,11.7,24.5,93.8,,72.5,70.9,47.6,64,44.5,70.9,57.9,25.6,11.7,54.1,68.8,63,,59.6,57.9,80.6,120.6,85.4,60,51.4,40.6,41.5,23.6,18.4,10.5,2.82,6.27,3.02,15.03,22.53,11.39,3.04,5.64,16.15,13.7,5.2,5.99,9.54,8.39,10.68,10.42,9.47,9.62,2.81,8.34,8.76,13.76,6.8,10.95
USA,111,United States,Inflation,Food Consumer Price Inflation,5.4,3.07,4.13,13.29,13.76,8.44,3.09,5.96,9.77,10.71,8.56,7.77,4.07,2.23,3.76,2.33,3.26,4.07,4.13,5.67,5.76,3.56,1.38,2.09,2.32,2.76,3.25,2.62,2.12,2.15,2.31,3.09,1.84,2.14,3.37,2.43,2.35,3.91,5.37,1.88,0.79,3.58,2.55,1.41,2.31,1.8,0.34,0.88,1.4,0.89,3.51,3.47,11.35
UZB,927,Uzbekistan,Inflation,Food Consumer Price Inflation,,,,,,,,,,,,,,,,,,,,,,,,,,,,,,,,,,,,,,,,,,,,,,,0.3,15.9,14.9,,,14.42,14.9
VCT,364,St. Vincent and the Grenadines,Inflation,Food Consumer Price Inflation,4,4,4.5,21.4,39.6,14.3,11.6,10.5,6.7,12.2,14.4,14.4,5.4,5.4,1.4,-0.6,1.4,3.7,0.6,-0.3,8,9.1,3.7,2.5,0.1,3.3,6.6,-0.4,-2.5,0.5,-1.1,1,0.6,-0.7,4.7,5.4,3.6,7.4,14.7,2.1,1.3,3.52,3.3,2,1.63,-1.21,-0.61,2.47,2.35,0.55,1.66,2.35,
VEN,299,"Venezuela, RB",Inflation,Food Consumer Price Inflation,1.4,3.5,4.9,7.6,12.7,14.7,8.8,12.4,9.3,16.6,33.1,18.5,9.7,7.8,17.2,22.4,19.2,41.5,39.9,125.8,47.2,37.7,30.5,33.3,58.2,59.9,88.1,46.1,38.8,16.9,10.59,16.2,28.31,37.61,33.81,21.14,20.07,26.83,42.82,27.96,32.97,29.92,24.8,54.15,86.73,218.67,217.74,482.7,38386,17710.79,2220,1934.56,193.71
VGB,,British Virgin Islands,Inflation,Food Consumer Price Inflation,,,,,,,,,,,,,,,,,,,,,,,,,,,,,,,,,,,,,,,,,,,,,1.6,1.37,1.15,-1,,,,,
VNM,582,Vietnam,Inflation,Food Consumer Price Inflation,35.3,13.8,29.1,47,48.7,,,,,,,,,,,,,,,,,,,,,,6.7,0.6,9.8,4.2,-3.8,-1.4,7.6,2.51,12.52,11.08,8.68,11.23,36.89,8.46,11.41,26.69,7.9,2.69,4,1.48,2.61,-1.08,3.24,4.07,9.44,0.73,1.96
VUT,846,Vanuatu,Inflation,Food Consumer Price Inflation,1.7,8,10.8,7.6,35.6,2.1,1.8,2.8,9.9,1.6,12.5,35.2,1.8,-3.2,1.9,-2.3,5.9,13,11,4.1,1.6,2.7,1,4.4,0.6,4.1,-1.1,0.7,3.3,1.4,2,2.2,0.5,2.2,3.4,-0.5,3.5,3.8,8,7.1,4.6,0.47,1.61,1.5,1.68,3.61,2.25,6.81,4.13,5.4,6.74,4.63,
WSM,862,Samoa,Inflation,Food Consumer Price Inflation,,,,,,,,,,,,,,,,,,,,,,,,,,,,,,,,,,,,,,,,,-1.01,5.24,1.97,0.69,-3.39,3.28,5.85,1.08,5.71,1.01,-1.42,3.42,16.33
YEM,474,"Yemen, Rep.",Inflation,Food Consumer Price Inflation,6,7.5,4.4,24.4,23,7.7,2.6,1,2,12.1,9.9,5.5,8.9,3.4,1,0.3,0.7,3.6,-0.3,,,39.5,30.5,38.5,60.3,55.9,31,2.9,5.5,10.4,5.3,15.7,4.8,16.7,19,18.8,34.8,18,,2.5,,,,,,,,,,,,,
ZAF,199,South Africa,Inflation,Food Consumer Price Inflation,3.9,5.44,6.88,16.09,14.78,15.29,6.11,11.18,12.57,15.9,19.16,21.69,11.18,11.81,10.94,12.13,20.27,22.74,15.65,11.02,16,19.64,25.25,6.8,13.74,8.74,6.05,9.46,6.16,4.89,7.82,5.38,17.39,8.07,1.88,2,6.1,9.51,15.31,9.53,1.37,7.13,7.15,5.7,7.6,5.12,10.53,6.95,3.58,3.55,4.39,6.1,8.97
ZMB,754,Zambia,Inflation,Food Consumer Price Inflation,6.6,6.6,9.2,7.4,12.1,11.4,22.9,15.5,14.3,6.5,13.3,12.8,24.1,19.8,16.7,36.2,54.5,62.1,62.4,136.3,98.8,89.3,156.2,176,51.1,35.2,42.5,21.4,24.6,22.6,22.6,18.9,27.1,22.1,16.4,18.6,4.9,5.3,13.8,14.2,5.2,4.83,7.01,6.52,7.25,11.08,21.26,5.76,7.14,10.44,16.24,27.71,15.68
ZWE,698,Zimbabwe,Inflation,Food Consumer Price Inflation,3.2,2.5,5,3.4,10.7,8.3,8.9,9.9,11.7,11.3,9.5,13.4,11.4,20.4,20.8,9.1,12.2,15.9,9.8,14.4,18,25,57.5,38.8,25.8,27.6,26.9,17.6,39.4,68,48.9,60.2,135.1,386.4,369.5,223.9,1034.2,7375.3,7375.3,-15.08,3.83,3.99,4.62,1.69,-3.12,-3.34,-3.26,2.5,14.59,86.12,601.02,105.8,63.31
VGB,284,British Virgin Islands,Inflation,Food Consumer Price Inflation,,,,,,,,,,,,,,,,,,,,,,,,,,,,,,,,,,,,,,,,,,,,4.3,1.6,1.1,1.4,-1.8,1,0.8,1,3.2,
NCL,687,New Caledonia,Inflation,Food Consumer Price Inflation,,,,,,,,,,,,,,,,,,,,,,,,,,,,,,,,,,,,,,,,,,,1.973843546,1.891303487,0.135193933,1.870761495,1.748052007,1.415588693,-0.19,-2.744,2.920376881,3.04,
